"","","title ","Gruul & Mag (Gruul's Lair in 0:18:07, Magtheridon's Lair in 0:06:53)","","","The last boss fight in a report that contained any player gear information is analyzed if no boss fight id is provided!","","","","","","","","","","","",""
"","","zone ","Gruul's Lair","","only fight id (optional)","","","","","","","","","","","","",""
"","Magtheridon (kill in 209s)","date ","March 16, 2026 19:02:17","","","","","","","","","","","","","","",""
"","","Head","Neck","Shoulders","Cloak","Chest","Bracers","Hands","Waist","Legs","Feet","Ring1","Ring2","Trinket1","Trinket2","Weapon","Off-Hand","Wand/Idol/Relic etc."
"","Cosmuh","Mask of the Deceiver","Choker of Vile Intent","Mantle of Malorne","Gilded Thorium Cloak","Heavy Clefthoof Vest","General's Dragonhide Bracers","Grips of Deftness","General's Leather Belt","Greaves of Malorne","General's Leather Boots","Shapeshifter's Signet","Violet Signet","Bloodlust Brooch","Romulo's Poison Vial","Terestian's Stranglestaff","","Idol of Brutality"
"","Gentletwowl","Mag'hari Ritualist's Horns","Eye of the Night","Mana-Sphere Shoulderguards","Ogre Slayer's Cover","Auchenai Anchorite's Robe","Bands of Nefarious Deeds","Handwraps of Flowing Thought","Sash of Serpentra","Tempest Leggings","Boots of Blasphemy","Violet Signet","Wildlord's Band","Quagmirran's Eye","Starkiller's Bauble","Staff of Infinite Mysteries","","Idol of the Wild"
"","Pipatree","Crown of Malorne","Choker of Fluid Thought","Shoulderguards of Malorne","Stainless Cloak of the Pure Hearted","Masquerade Gown","Bands of Indwelling","Mitts of the Treemender","Primal Mooncloth Belt","Pantaloons of Repentance","Forestlord Striders","Ancestral Band","Violet Signet","Lower City Prayerbook","Eye of the Dead","The Ancient Scepter of Sue-Min","Tears of Heaven","Idol of the Avian Heart"
"","Cherrylol","Beast Lord Helm","Choker of Vile Intent","Beast Lord Mantle","Blood Knight War Cloak","Beast Lord Cuirass","Felstalker Bracers","Beast Lord Handguards","Dunewind Sash","Wastewalker Leggings","Fiend Slayer Boots","Band of Reanimation","Ravenclaw Band","Riding Crop","Dragonspine Trophy","Legacy","","Wrathtide Longbow"
"","Floowsn","Beast Lord Helm","Choker of Vile Intent","Beast Lord Mantle","Blood Knight War Cloak","Beast Lord Cuirass","Nightfall Wristguards","Beast Lord Handguards","Girdle of the Deathdealer","Midnight Legguards","Felboar Hide Shoes","Garona's Signet Ring","Kaylaan's Signet","Bloodlust Brooch","Abacus of Violent Odds","Claw of the Watcher","Stormreaver Warblades","Sunfury Bow of the Phoenix"
"","Golina","Beast Lord Helm","Saberclaw Talisman","Beast Lord Mantle","Drape of the Dark Reavers","Beast Lord Cuirass","Stalker's War Bands","Beast Lord Handguards","Gronn-Stitched Girdle","Skulker's Greaves","Rapscallion Boots","Truestrike Ring","Garona's Signet Ring","Bladefist's Breadth","Abacus of Violent Odds","Stellaris","Stellaris","Steelhawk Crossbow"
"","Whapap","Beast Lord Helm","Choker of Vile Intent","Beast Lord Mantle","Blood Knight War Cloak","Beast Lord Cuirass","Nightfall Wristguards","Beast Lord Handguards","Girdle of the Deathdealer","Midnight Legguards","Edgewalker Longboots","Ravenclaw Band","Ring of the Recalcitrant","Abacus of Violent Odds","Bloodlust Brooch","Claw of the Watcher","Stormreaver Warblades","Wolfslayer Sniper Rifle"
"","Devire","Collar of the Aldor","Adornment of Stolen Souls","Pauldrons of the Aldor","Shawl of Shifting Probabilities","Spellfire Robe","General's Silk Cuffs","Spellfire Gloves","Spellfire Belt","Spellstrike Pants","Glider's Foot-Wraps","Band of Crimson Fury","Violet Signet of the Archmage","Icon of the Silver Crescent","Mind Quickening Gem","Stormcaller","Talisman of Kalecgos","Eredar Wand of Obliteration"
"","Bamhahahahaa","Storm Master's Helmet","Embrace of the Dawn","Pauldrons of Wild Magic","Red Riding Hood's Cloak","Justicar Chestpiece","Bracers of Justice","Gauntlets of Renewed Hope","Girdle of Truth","Consortium Plated Legguards","Forestlord Striders","Violet Signet","Mender's Heart-Ring","Alchemist Stone","Pendant of the Violet Eye","Shard of the Virtuous","Aegis of the Vindicator","Libram of the Lightbringer"
"","Joshpala","Mask of the Deceiver","Mithril Chain of Heroism","Ragesteel Shoulders","Auchenai Death Shroud","Justicar Breastplate","Bladespire Warbands","Grips of Deftness","Deathforge Girdle","Shattrath Leggings","Sha'tari Wrought Greaves","A'dal's Command","Shapeshifter's Signet","Abacus of Violent Odds","Bloodlust Brooch","Gorehowl","","Libram of Avengement"
"","Nwek","Justicar Faceguard","Barbed Choker of Discipline","Justicar Shoulderguards","Devilshark Cape","Justicar Chestguard","Bracers of Dignity","Iron Gauntlets of the Maiden","Girdle of Valorous Deeds","Justicar Legguards","Battlescar Boots","Seal of the Exorcist","Ashyen's Gift","Icon of the Silver Crescent","Goblin Rocket Launcher","Bloodmaw Magus-Blade","Aldori Legacy Defender","Libram of Repentance"
"","Dreadpriest","Spellstrike Hood","Ritssyn's Lost Pendant","Spaulders of Oblivion","Sethekk Oracle Cloak","Robe of Oblivion","Bracers of Havok","Tempest's Touch","Glyph-Lined Sash","Trousers of Oblivion","Shattrath Jumpers","Spectral Band of Innervation","Cobalt Band of Tyrigosa","Icon of the Silver Crescent","Zandalarian Hero Charm","Gavel of Unearthed Secrets","Jewel of Infinite Possibilities","Conjurer's Wand"
"","Taccop","Cowl of Naaru Blessings","Necklace of Necropsy","Shoulderpads of Faith","Cloak of Suturing","Hallowed Garments","Bands of Indwelling","Gloves of Saintly Blessings","Cincture of Will","Pantaloons of Repentance","Boots of the Pious","Ring of Faith","Violet Signet","Rejuvenating Gem","Essence of the Martyr","Crystalheart Pulse-Staff","","Soul-Wand of the Aldor"
"","Willijem","Helm of the Claw","Choker of Vile Intent","Wastewalker Shoulderpads","Vengeance Wrap","Netherblade Chestpiece","Spymistress' Wristguards","Wastewalker Gloves","Belt of Never-Ending Agony","Netherblade Breeches","Fel Leather Boots","Bonescythe Ring","Band of Unnatural Forces","Bloodlust Brooch","Mark of the Champion","Vindicator's Brand","Latro's Shifting Sword","Mama's Insurance"
"","Brandø","Storm Master's Helmet","Chain of the Twilight Owl","Pauldrons of Wild Magic","Shawl of Shifting Probabilities","Netherstrike Breastplate","Netherstrike Bracers","Handwraps of Flowing Thought","Netherstrike Belt","Spellstrike Pants","Sigil-Laced Boots","Ring of Unrelenting Storms","Ring of Recurrence","Mark of the Champion","Icon of the Silver Crescent","Nathrezim Mindblade","Mazthoril Honor Shield","Totem of the Void"
"","Gexiis","Cyclone Headdress","Natasha's Guardian Cord","Dragon-Quake Shoulderguards","White Remedy Cape","Windhawk Hauberk","Whirlwind Bracers","Cryo-Mitts","Belt of Gale Force","Pontifex Kilt","Jeweled Boots of Sanctification","Ring of Fabled Hope","Jade Ring of the Everliving","Essence of the Martyr","Scarab of the Infinite Cycle","Shockwave Truncheon","Windcaller's Orb","Totem of Healing Rains"
"","Ohkami","Helm of the Claw","Braided Eternium Chain","Mantle of Perenolde","Vengeance Wrap","Primalstrike Vest","Primalstrike Bracers","Cyclone Gauntlets","Primalstrike Belt","Shattrath Leggings","Fiend Slayer Boots","Averinn's Ring of Slaying","Violet Signet","Bladefist's Breadth","Core of Ar'kelos","The Decapitator","High Warlord's Cleaver","Totem of Rage"
"","Sedroc","Storm Master's Helmet","Chain of the Twilight Owl","Pauldrons of Wild Magic","Shawl of Shifting Probabilities","Netherstrike Breastplate","Netherstrike Bracers","Mana-Etched Gloves","Netherstrike Belt","Stormsong Kilt","Boots of Foretelling","Ring of the Fallen God","Ring of Unrelenting Storms","Icon of the Silver Crescent","The Lightning Capacitor","Gavel of Unearthed Secrets","Mazthoril Honor Shield","Totem of the Void"
"","Shockholic","Helm of the Claw","Braided Eternium Chain","Cyclone Shoulderplates","Cloak of the Inciter","Laughing Skull Battle-Harness","Ravager's Wrist-Wraps","Cyclone Gauntlets","Girdle of the Prowler","Clefthoof Hide Leggings","Fel Leather Boots","Ring of a Thousand Marks","Garona's Signet Ring","Bladefist's Breadth","Hourglass of the Unraveller","The Decapitator","High Warlord's Cleaver","Totem of the Astral Winds"
"","Unimog","Watcher's Cowl","Necklace of Necropsy","Dragon-Quake Shoulderguards","Avian Cloak of Feathers","Earthblood Chestguard","Bracers of Ten Storms","Mitts of the Treemender","Cincture of Will","Hallowed Trousers","Jeweled Boots of Sanctification","Ancestral Band","Violet Signet","Scarab of the Infinite Cycle","Rejuvenating Gem","Hammer of the Twisting Nether","Shield of Condemnation","Totem of Healing Rains"
"","Exitùs","Voidheart Crown","Adornment of Stolen Souls","Mana-Etched Spaulders","Cloak of the Necropolis","Robe of the Crimson Order","Crimson Bracers of Gloom","Mana-Etched Gloves","Girdle of Ruination","Spellstrike Pants","Frozen Shadoweave Boots","Ring of the Fallen God","Ashyen's Gift","Icon of the Silver Crescent","Quagmirran's Eye","Stormcaller","Orb of the Soul-Eater","Tirisfal Wand of Ascendancy"
"","Gemli","Voidheart Crown","Brooch of Heightened Potential","Mana-Etched Spaulders","Cloak of the Necropolis","Voidheart Robe","Bracers of Havok","Mana-Etched Gloves","Girdle of Ruination","Spellstrike Pants","Frozen Shadoweave Boots","Ring of Cryptic Dreams","Ring of the Fallen God","Icon of the Silver Crescent","Quagmirran's Eye","Atiesh, Greatstaff of the Guardian","","Tirisfal Wand of Ascendancy"
"","Zyparius","Voidheart Crown","Brooch of Heightened Potential","Frozen Shadoweave Shoulders","Ruby Drape of the Mysticant","Voidheart Robe","Bracers of Havok","Gloves of Pandemonium","Girdle of Ruination","Spellstrike Pants","Frozen Shadoweave Boots","Band of Crimson Fury","Violet Signet of the Archmage","Icon of the Silver Crescent","Quagmirran's Eye","Stormcaller","Khadgar's Knapsack","Tirisfal Wand of Ascendancy"
"","Executive","Mask of the Deceiver","Natasha's Choker","Warbringer Shoulderplates","Cloak of the Inciter","Chestguard of Exile","General's Plate Bracers","Gauntlets of Annihilation","Deathforge Girdle","Midnight Legguards","Fel Leather Boots","Band of Unnatural Forces","Ring of Arathi Warlords","Hourglass of the Unraveller","Bloodlust Brooch","Blinkstrike","The Hungering Cold","Mama's Insurance"
"","Skerrako","Warbringer Battle-Helm","Mithril Chain of Heroism","Ragesteel Shoulders","Shroud of Frenzy","Ragesteel Breastplate","General's Plate Bracers","Grips of Deftness","Belt of Never-Ending Agony","Midnight Legguards","Fel Leather Boots","Ring of a Thousand Marks","Mithril Band of the Unscarred","Badge of the Swarmguard","Bloodlust Brooch","Dragonmaw","Emerald Ripper","Mama's Insurance"